id	rate
17109	12.1
01001	0.217179167
01003	0
01005	0.7246375
01007	0.02886
01009	0
01011	0.15625
01013	0
01015	0.129432222
01017	0.037996154
01019	0
01021	0.043949091
01023	0
01025	0.10917
01027	0.1388775
01029	0
01031	0
01033	0.030551364
01035	0
01037	0
01039	0
01041	0.250313333
01043	0
01045	0.080558571
01047	0
01049	0.01364625
01051	0.093
01053	0.026921765
01055	0.025172647
01057	0.855838333
01059	0.057923333
01061	0
01063	0
01065	0
01067	0
01069	0.199878077
01071	0.011021304
01073	0.213037962
01075	0.0360225
01077	0.053087222
01079	0.072992667
01081	0.064310909
01083	0.0057405
01085	0.21645
01087	0
01089	0.052989231
01091	0
01093	0.220421429
01095	0.033031212
01097	0
01099	0
01101	0.013965185
01103	0.13566975
01105	0
01107	0
01109	0
01111	0.013785556
01113	0.090948
01115	0.057859615
01117	0.091767826
01119	0.084175
01121	0.110029063
01123	0.945296
01125	0.061175862
01127	0.036550952
01129	0
01131	0
01133	0
02013	0
02016	0
02020	0
02050	0.0135135
02060	0
02068	0
02070	0
02090	0
02100	0
02105	0
02110	0
02122	0
02130	0
02150	0.014547857
02158	0
02164	0
02170	0
02180	0.083798
02185	0.035932727
02188	0.039447692
02195	0
02198	0.040849444
02220	1.391078571
02230	0
02240	0
02261	0
02270	0
02275	0
02282	0
02290	0.252525455
04001	0.120375455
04003	0.186096613
04005	0.078776875
04007	0.065101333
04009	0.022568095
04011	0
04012	0.329926364
04013	0.065385925
04015	0.05514537
04017	0.0498
04019	0.042280036
04021	0.050827048
04023	0
04025	0.094923507
04027	0.001771563
05001	0.09090875
05003	0.05123
05005	0
05007	0.008886774
05009	0.018518333
05011	0
05013	0.588235
05015	0.583357
05017	0
05019	0.074571111
05021	0
05023	0
05025	0.385426
05027	0
05029	0.035971
05031	0.103413529
05033	0.12277
05035	0.049031177
05037	0.102904
05039	0
05041	2.339693333
05043	0
05045	0.169538
05047	0
05049	0.0777
05051	0.2361736
05053	0
05055	0.210585333
05057	0.98940375
05059	0
05061	0.1341
05063	0.052964
05065	0
05067	3.06317
05069	1.298943044
05071	0.078793333
05073	0
05075	0.021044167
05077	0.079553333
05079	0
05081	0.04329
05083	0
05085	0.100882609
05087	0.0208675
05089	0.29305125
05091	0.355291333
05093	0
05095	0.3822625
05097	0
05099	0
05101	0
05103	0.219674444
05105	0
05107	0
05109	0.43839
05111	0.221705714
05113	0.42517
05115	0
05117	0.25685
05119	0.198764737
05121	0
05123	0.4730975
05125	0.053493704
05127	0
05129	0
05131	0.21835079
05133	0.0628625
05135	0
05137	0
05139	1.06196
05141	0
05143	0.021201167
05145	0.0127975
05147	0
05149	0
06001	0
06003	1.85185
06005	0
06007	0.405830745
06009	0.068245
06011	0
06013	0.012960526
06015	0
06017	0.005501475
06019	0.031672439
06021	0
06023	0.772743068
06025	0.089382273
06027	0.177902273
06029	0.06831224
06031	0.295774921
06033	0.040374286
06035	0.311724783
06037	0
06039	0.028894795
06041	0
06043	0
06045	1.569546154
06047	0.051033726
06049	0.119048
06051	0
06053	0.062211154
06055	0
06057	0.025376739
06059	0.036692852
06061	0.038224234
06063	0
06065	0.093448034
06067	0
06069	0.020437143
06071	0.05510741
06073	0.070893666
06075	0.003248571
06077	0.304240639
06079	0.009547875
06081	0.02822006
06083	0.019624324
06085	0
06087	0
06089	0.072866264
06091	0.135136
06093	0.057391633
06095	0.04429451
06097	0.216587184
06099	0.115533944
06101	0.020681026
06103	0.758661778
06105	2.380952381
06107	0.088842766
06109	0.010121539
06111	0.109347366
06113	0.234579825
06115	0
08001	0
08003	0
08005	0.045867671
08007	0
08009	0
08011	0.151516
08013	0.083499286
08014	0.030896667
08015	0
08017	0
08019	0
08021	0
08023	6.35395
08025	0
08027	2.082206667
08029	0
08031	0.002433913
08033	0
08035	0
08037	0
08039	0.175140667
08041	0.032431784
08043	0
08045	0.0425512
08047	0
08049	0
08051	0
08053	0
08055	0.064102
08057	0
08059	0
08061	0
08063	0
08065	0
08067	0
08069	0.020940753
08071	0.119438
08073	0.41666625
08075	0.0998
08077	0.104821887
08079	0
08081	0.112707143
08083	0.151638
08085	0.062841177
08087	0
08089	0
08091	0
08093	0
08095	0
08097	0
08099	0.080128333
08101	0.020166071
08103	0.128206
08105	0
08107	0
08109	0
08111	0
08113	0
08115	0
08117	0.089648889
08119	0.178571429
08121	0
08123	0.402001546
08125	0
09001	0
09003	0
09005	0.039975429
09007	0.074150526
09009	0.040524325
09011	0.055208202
09013	0.059686596
09015	0.100569286
10001	0.092035333
10003	0.010867232
10005	0.138586818
11001	0.023975
12001	0
12003	0
12005	0
12007	0
12009	0
12011	0
12013	0
12015	0
12017	0
12019	0
12021	0
12023	0
12027	0
12029	0
12031	0
12033	0
12035	0
12037	0
12039	0
12041	0
12043	0
12045	0
12047	0
12049	0
12051	0
12053	0
12055	0
12057	0.004468253
12059	0
12061	0
12063	0
12065	0
12067	0
12069	0
12071	0
12073	0
12075	0
12077	0
12079	0
12081	0
12083	0
12085	0
12086	0
12087	0
12089	0
12091	0
12093	0
12095	0.001418426
12097	0
12099	0
12101	0
12103	0.002949702
12105	0
12107	0
12109	0
12111	0.003285217
12113	0
12115	0
12117	0
12119	0
12121	0
12123	0
12125	0
12127	0.000688488
12129	0
12131	0
12133	0
13001	0
13003	0
13005	0
13007	0
13009	0
13011	0.113158
13013	0.2747125
13015	0.21615375
13017	0
13019	0
13021	0.010023542
13023	0
13025	0.023888571
13027	0.03434
13029	0
13031	0.018825
13033	0.114195
13035	0
13037	0
13039	0
13043	0.401785
13045	0.024452069
13047	0
13049	0.0452075
13051	0
13053	1.529406667
13055	0.014411111
13057	0
13059	0
13061	0
13063	0
13065	0
13067	0.005273333
13069	0
13071	0
13073	0
13075	0.3448275
13077	0
13079	2.03994
13081	0.046948333
13083	0
13085	0.036258571
13087	0.69704
13089	0.007046358
13091	0
13093	0
13095	0
13097	0.058232857
13099	0
13101	0.08278
13103	0
13105	0
13107	0
13109	0
13111	0
13113	0.0562125
13115	0
13117	0.070184722
13119	0
13121	0.007719337
13123	0
13125	0
13127	0.021823889
13129	0.022844667
13131	0
13133	0
13135	0
13137	0.059981539
13139	0
13141	0
13143	0.040984
13145	0.017745714
13147	0.30888
13149	0.034602
13151	0
13153	0
13155	0
13157	0.1676735
13159	0
13161	0
13163	0
13165	0
13167	0
13169	0
13171	0
13173	0
13175	0.096965333
13177	0.015375
13179	0
13181	0
13183	0
13185	0
13187	0.070772
13189	0.076981667
13191	0
13193	0.208766667
13195	0
13197	0
13199	4.510518571
13201	0
13205	0.08116875
13207	0
13209	0
13211	0
13213	0
13215	0
13217	0.00619125
13219	0.021978
13221	0
13223	0.073519697
13225	0
13227	0.025328571
13229	0
13231	0
13233	0.26976
13235	0
13237	0
13239	0
13241	0
13243	0
13245	0.009989661
13247	0
13249	0
13251	0
13253	0
13255	0.031951579
13257	0
13259	0.520833333
13261	0
13263	0
13265	0
13267	0
13269	0.49116
13271	0
13273	0
13275	0
13277	0.005938182
13279	0
13281	0
13283	0
13285	0.020686842
13287	0
13289	0
13291	0.02649
13293	0
13295	0
13297	0.034756
13299	0.734619091
13301	0
13303	0
13305	0
13307	0
13309	0
13311	0.017358571
13313	0
13315	0
13317	0
13319	0
13321	0
15001	0.014100909
15003	0.001904525
15007	0
15009	0.011392121
16001	0.048303141
16003	0
16005	0
16007	0
16009	4.39043375
16011	0.187720645
16013	0.37112625
16015	0
16017	0
16019	0.143024894
16021	0.044742
16023	0
16025	0
16027	0.210955507
16029	0.151975714
16031	0.176424
16033	0
16035	0.269992
16037	0
16039	0.031225333
16041	0.082918889
16043	0.0432525
16045	0.149712222
16047	0.147231667
16049	0
16051	0.065040667
16053	0.122308889
16055	0.01396881
16057	0
16059	0
16061	0
16063	0
16065	0.022045
16067	0
16069	0.272988
16071	0.074074
16073	0
16075	0.0779625
16077	0.10913875
16079	0
16081	0.883411429
16083	0.781315
16085	0
16087	0.031387778
17001	0.131398696
17003	0
17005	0.23191625
17007	0.419488824
17009	0
17011	0.0145984
17013	0
17015	0
17017	0
17019	0.162488571
17021	0.054566
17023	0.02441375
17025	0
17027	0
17029	1.773348824
17031	0.038013115
17033	0
17035	0.204081667
17037	0.12911225
17039	0
17041	0.087437778
17043	0.06365217
17045	0.14844375
17047	0.778816667
17049	0.030476667
17051	0
17053	0.074571111
17055	0
17057	0.105855417
17059	0.09285
17061	0.071968571
17063	0.0053
17065	0
17067	0
17069	0
17071	0
17073	0
17075	0.022763478
17077	0.40757
17079	0
17081	0.270832727
17083	0.865801429
17085	0.624851667
17087	0.03822625
17089	0.061827985
17091	0.035011579
17093	0.119339487
17095	0.375681579
17097	0.20327339
17099	0.116399787
17101	0.133333333
17103	0.063102857
17105	0.056439583
17107	0.627800667
17111	0.085453452
17113	0.282664151
17115	0.047070244
17117	0.0394088
17119	0.2336832
17121	0.353444074
17123	0.149588571
17125	0.1884875
17127	0.096154
17129	0
17131	0.03019375
17133	0
17135	0
17137	0
17139	0
17141	0.100278214
17143	0.151902667
17145	0.1746875
17147	0
17149	0
17151	0.50633
17153	1.754772
17155	0
17157	0.039308125
17159	0.07457
17161	0.152570196
17163	0.258917356
17165	0.12405
17167	0.134876618
17169	0.3360225
17171	0
17173	0.035088
17175	0
17177	0.526683636
17179	0.033623636
17181	0
17183	0.490291471
17185	0.234452
17187	0.251272
17189	0.09124125
17191	0.024438333
17193	0.158880714
17195	0
17197	0.215545132
17199	0.2491256
17201	0.083877816
17203	0.0801335
18001	0.072814
18003	0.010596477
18005	0
18007	0
18009	0
18011	0
18013	0
18015	0
18017	0.182748462
18019	0.031800313
18021	0.009346
18023	0.0638225
18025	0
18027	0.261878182
18029	0.150590667
18031	0.013964286
18033	0
18035	0.065857222
18037	0.028055882
18039	0.031359455
18041	0
18043	0.155363333
18045	0
18047	0
18049	0.070028571
18051	0.066313077
18053	0.063667391
18055	0.057761539
18057	0.012512462
18059	0.047566667
18061	0.223942857
18063	0.02731525
18065	0.11221579
18067	0.013468
18069	0.020785
18071	0.097598667
18073	0.107929
18075	0.073801
18077	0.197628182
18079	0.06788875
18081	0.116471316
18083	0.048614546
18085	0.004717
18087	0.016436923
18089	0.082304846
18091	0.287004242
18093	0
18095	0.006315385
18097	0.023241814
18099	0.0497025
18101	0
18103	0.200632727
18105	0
18107	0.01046875
18109	0.018768261
18111	0
18113	0.033685333
18115	0
18117	0
18119	0
18121	0.11782
18123	0.12459
18125	0
18127	0.104318235
18129	0
18131	0
18133	0
18135	0.303253077
18137	0
18139	0.190355
18141	0.054329565
18143	0.137812222
18145	0.114193333
18147	0.03096
18149	0
18151	0.672233333
18153	0
18155	0
18157	0.046873429
18159	0.645152
18161	0.05144
18163	0
18165	0
18167	0.035674643
18169	0
18171	0
18173	0.057855882
18175	0
18177	0.016886191
18179	0.146265556
18181	0.1264875
18183	0.022281818
19001	0
19003	0
19005	0
19007	0
19009	0.07353
19011	0.022040769
19013	0.080046177
19015	0
19017	0
19019	0.015044118
19021	0.05698
19023	0.027685714
19025	0.078988333
19027	0
19029	0
19031	0.025601429
19033	0
19035	0
19037	0.0446425
19039	0.053764
19041	0
19043	0
19045	0.065573684
19047	0.151250769
19049	0.044808065
19051	0
19053	0
19055	0.129467778
19057	0.226559412
19059	0.0271
19061	0.024724815
19063	0
19065	0.01860125
19067	0.045724444
19069	0.02828
19071	0
19073	0.221708571
19075	0
19077	0
19079	0
19081	0.044923333
19083	0
19085	0
19087	0.049313333
19089	0
19091	0.045413333
19093	0.071428
19095	0
19097	0.143075
19099	0.019425
19101	0
19103	0.039308286
19105	0
19107	0
19109	0
19111	0
19113	0.016744247
19115	0.020367
19117	0.1497
19119	0
19121	0.042753
19123	0
19125	0.189972222
19127	0.034707059
19129	0.022114286
19131	0.165446667
19133	0
19135	0
19137	0.02963
19139	0.059354118
19141	0.070225
19143	0.296296667
19145	0.050339091
19147	0
19149	0.009191177
19151	0.0499
19153	0.027978
19155	0.007827714
19157	0.0369
19159	0.76376
19161	0
19163	0.092258628
19165	0
19167	0.118836667
19169	0.049924815
19171	0
19173	0.09225
19175	0
19177	0
19179	0.017295
19181	0.016551053
19183	0.026308571
19185	0
19187	0.0735125
19189	0
19191	0
19193	0.002845897
19195	0
19197	0.050735556
20001	0.032468
20003	0.311097143
20005	0
20007	0
20009	0.154839333
20011	0.04016
20013	0.476285
20015	0.024558605
20017	0
20019	0
20021	0
20023	0.36232
20025	0
20027	0.186511667
20029	0
20031	0
20033	0
20035	0.029002917
20037	0.011852308
20039	0.248755
20041	0.179405
20043	0.596463636
20045	0.053597667
20047	0
20049	0
20051	0.016176364
20053	0
20055	0.086660952
20057	0
20059	0
20061	0
20063	0
20065	0.49505
20067	0
20069	0.039185
20071	0
20073	0
20075	0.925925
20077	0
20079	0
20081	0
20083	0
20085	0
20087	0.210193571
20089	0
20091	0.050920533
20093	0
20095	0
20097	0
20099	0.022356111
20101	0
20103	0.043068889
20105	0
20107	0.05252125
20109	0
20111	0.165929375
20113	0.063598
20115	0.061012727
20117	0.026143333
20119	0.218978
20121	0.066843333
20123	0
20125	0.608511667
20127	0
20129	0.099205714
20131	0
20133	0
20135	0
20137	0
20139	0.111028571
20141	0
20143	0
20145	0.251498571
20147	0
20149	0
20151	0
20153	0
20155	0.228488387
20157	0.408164
20159	0.220937692
20161	0.136831111
20163	0
20165	0
20167	0
20169	0
20171	0
20173	0.098219295
20175	0.046992143
20177	0
20179	0
20181	0
20183	0
20185	0
20187	1.347865
20189	0
20191	0.017921
20193	0
20195	0
20197	0
20199	0
20201	0.0698325
20203	0.395255
20205	0
20207	0.140055
20209	0.023025763
21001	0
21003	0
21005	0.046758571
21007	0.1876
21009	0.543841667
21011	0.076986
21013	0
21015	0.06519963
21017	0.78483
21019	0.0274
21021	0
21023	0.0814325
21025	0.055142222
21027	0
21029	0.330348
21031	2.693031667
21033	0
21035	0.016611
21037	0.015224
21039	0
21041	0
21043	0.10193
21045	0
21047	0.136982
21049	0
21051	0
21053	0.417536
21055	0
21057	0.298953333
21059	0.046869
21061	0.140846
21063	0
21065	0
21067	0.07229
21069	0.315951667
21071	0.073865882
21073	0.0306375
21075	0
21077	0
21079	0
21081	0
21083	0.0363375
21085	0.116498571
21087	0
21089	0.057994286
21091	0
21093	0.095753824
21095	0
21097	0.189625714
21099	0
21101	0.518948333
21103	0
21105	0
21107	0.010793529
21109	0
21111	0
21113	0
21115	0
21117	0.00696875
21119	0
21121	0
21123	0
21125	0
21127	0
21129	0.10288
21131	0.699366667
21133	0.169232727
21135	0
21137	0
21139	0.1237625
21141	0
21143	0.249686667
21145	0.0176795
21147	0
21149	0.086394
21151	0
21153	0
21155	0.09678375
21157	0.00681
21159	0
21161	0
21163	0
21165	0
21167	0.014815
21169	0
21171	0
21173	0.055021
21175	0
21177	0
21179	0.110924
21181	0
21183	0
21185	0
21187	0
21189	0
21191	0
21193	0.022893846
21195	0.014085417
21197	0
21199	0.043594444
21201	0
21203	0
21205	0
21207	0
21209	0.019792308
21211	0
21213	1.39701
21215	0
21217	0
21219	0
21221	0.041842
21223	0
21225	0.100435
21227	0.069301053
21229	0.075046
21231	0
21233	0.046838
21235	0.35461
21237	0
21239	0.03033
22001	0
22003	0
22005	0
22007	0.120625
22009	0.049929091
22011	0.038940833
22013	0
22015	0.00532375
22017	0.013679385
22019	0.001383559
22021	0
22023	0
22025	0
22027	0
22029	0
22031	0
22033	0.223826952
22035	0
22037	0.049091429
22039	0
22041	0
22043	0.046685556
22045	0
22047	0.026802857
22049	0
22051	0.009097407
22053	0
22055	0.012399744
22057	0
22059	0
22061	0
22063	0.011564884
22065	0
22067	0
22069	0
22071	0.050397308
22073	0
22075	0.03964
22077	0
22079	0.002138235
22081	0
22083	0.031143077
22085	0
22087	0
22089	0
22091	0
22093	0.48178125
22095	0
22097	0
22099	0
22101	0
22103	0
22105	0
22107	0
22109	0.01542697
22111	0
22113	0
22115	0
22117	0.053050769
22119	0
22121	0.136262
22123	0
22125	0
22127	0
23001	0.080288857
23003	0.041607111
23005	0.288946923
23007	0.122756
23009	0.122171818
23011	0.0245375
23013	0.027168696
23015	0.080457222
23017	0.117788
23019	0.081783194
23021	0.04771
23023	0.009674706
23025	0.063160938
23027	0.2631575
23029	0.040643636
23031	0.111411225
24001	0
24003	0
24005	0.009996205
24009	0.0198324
24011	0.026392222
24013	0.017728
24015	0.8512525
24017	0.004110857
24019	0
24021	0.040572154
24023	0.011921667
24025	0.011803704
24027	0.01100527
24029	0
24031	0.009754455
24033	0.0068406
24035	0.034385714
24037	0.0144408
24039	0
24041	0.02291875
24043	0.063418261
24045	0
24047	0.0063225
24510	0.032347568
25001	0.029940392
25003	0.117892553
25005	0.063860424
25007	0
25009	0.138381152
25011	0.253447895
25013	0
25015	0.0233144
25017	0.03111478
25019	0
25021	0.021553444
25023	0.047300368
25025	0.681800179
25027	0.026431358
26001	0.131925
26003	0
26005	0.460297593
26007	0.101234
26009	0.12993
26011	0
26013	0.360251667
26015	0.065989
26017	0.625621724
26019	0.14881
26021	0.1817952
26023	0.28181375
26025	0.503218846
26027	0.099154286
26029	0.034542
26031	0.172414167
26033	0.103652
26035	0
26037	0.321484643
26039	0.230715
26041	0.338747059
26043	0.020525833
26045	0.023001667
26047	0.016534375
26049	0.249692766
26051	0.08960625
26053	0.0589625
26055	0.042683871
26057	0.05899
26059	0.132975417
26061	0.141751053
26063	0.249856154
26065	0.059268947
26067	0.135660385
26069	0.0702075
26071	0.0563075
26073	0.238832778
26075	0.007938947
26077	0.317975875
26079	0.022422
26081	0.13421744
26083	0
26085	0
26087	0.035771035
26089	0
26091	0.103845
26093	0.00733
26095	0
26097	0
26099	0.13252141
26101	0.087177333
26103	0.032064583
26105	0.160969286
26107	0.046932222
26109	0.047732667
26111	0.012056923
26113	0
26115	0.003690625
26117	0.098901
26119	0
26121	0.696342121
26123	0
26125	0.060542917
26127	0.118063636
26129	0
26131	0
26133	0.123456667
26135	0
26137	0
26139	0.086819432
26141	0.0543475
26143	0.122096
26145	0.035807083
26147	0.139183019
26149	0.045874242
26151	0
26153	0
26155	0.018174483
26157	1.279901429
26159	0.10311561
26161	0.217159667
26163	0.092072623
26165	0.018416
27001	0
27003	0.076055972
27005	0.295655
27007	0.304927586
27009	0.09111375
27011	0.125
27013	0.023868636
27015	1.419081667
27017	0.008507778
27019	0.013166563
27021	0.03551125
27023	0
27025	1.202981177
27027	0
27029	0
27031	0.495688333
27033	0.070873333
27035	0.361023889
27037	0.081697168
27039	0.04051875
27041	0.111449375
27043	0.100717778
27045	0
27047	0
27049	0.120585556
27051	0.238095714
27053	0.094016157
27055	0
27057	0.131961111
27059	0.083911765
27061	0.0625375
27063	0.284938333
27065	0.331624286
27067	0.154080833
27069	0
27071	0
27073	0
27075	0
27077	0
27079	0.285503846
27081	0
27083	0.116469231
27085	0.019102
27087	1.955764286
27089	0
27091	0.105596667
27093	0.2455
27095	0.271665333
27097	0.105478889
27099	0.1809085
27101	0.541795
27103	0.150321765
27105	0.050101667
27107	0.465353333
27109	0.002331778
27111	0.096004074
27113	0.09947
27115	0.510283077
27117	0.1016875
27119	0.053319444
27121	0
27123	0
27125	0
27127	0.16995
27129	0.05341875
27131	0.185157273
27133	0
27135	0
27137	0.188932055
27139	1.043593095
27141	0.1366756
27143	0.180614546
27145	0.368240851
27147	0.278898462
27149	0.140651667
27151	0.038315
27153	0.397364444
27155	0
27157	0
27159	0.12826875
27161	0
27163	0.0628056
27165	0.222555
27167	0
27169	0.123456667
27171	0.472863269
27173	0
28001	0
28003	0
28005	0.326796667
28007	0.070594
28009	0
28011	0.033967391
28013	0
28015	0.3367
28017	0.153062
28019	0
28021	0
28023	0.026752857
28025	0
28027	0
28029	0
28031	0
28033	0
28035	0.0641315
28037	0
28039	0.14151
28041	0
28043	0
28045	0
28047	0.064081064
28049	0.056200385
28051	0
28053	0.7712075
28055	0
28057	0.049261429
28059	0.046655952
28061	0
28063	0
28065	0
28067	0.004479524
28069	0
28071	0
28073	0.405354706
28075	0.011293044
28077	0
28079	0
28081	0.07347129
28083	0.0411525
28085	0.288476
28087	0.127299444
28089	0.186443077
28091	0
28093	0
28095	0.029904546
28097	0
28099	0.06435
28101	0.009323636
28103	0
28105	0.309598
28107	0
28109	0
28111	0.515553333
28113	0
28115	0.079403333
28117	0
28119	0
28121	0
28123	0
28125	0
28127	0.545384286
28129	0.33904
28131	0
28133	0.798072308
28135	0
28137	0
28139	0.019058889
28141	0
28143	0
28145	0
28147	0
28149	0
28151	0
28153	0
28155	0
28157	0
28159	0
28161	0
28163	0.1886475
29001	1.434484444
29003	0.028777
29005	0
29007	0.278335556
29009	0.082947222
29011	0
29013	0
29015	0.64489
29017	0
29019	0.7132734
29021	0.040186452
29023	0.012434118
29025	0
29027	0.039089091
29029	0.129534375
29031	0.0433892
29033	0
29035	0
29037	5.413340976
29039	0.094808333
29041	0
29043	0.026675357
29045	0
29047	0.036992308
29049	0
29051	0.029137727
29053	0.021579286
29055	0
29057	0
29059	0.0995025
29061	0
29063	0.3378375
29065	0
29067	0.058685
29069	0.116482353
29071	0.016523947
29073	0
29075	0
29077	0.012457209
29079	0.073637143
29081	0.032583636
29083	0.013154286
29085	0.086233
29087	0
29089	0
29091	0.017847692
29093	0.03491625
29095	1.740347981
29097	0.010067442
29099	0.030961887
29101	0.013340417
29103	0
29105	0
29107	0.021533333
29109	0.034375909
29111	0.2008025
29113	3.5943045
29115	0.221096154
29117	0.058325556
29119	0.025252727
29121	0
29123	0
29125	0
29127	0.124422727
29129	0.5071475
29131	0
29133	0
29135	0
29137	0.069444
29139	0.412982857
29141	0.090918333
29143	4.738709167
29145	0.02977381
29147	0.054112857
29149	0.1373625
29151	0.240371667
29153	0.043403333
29155	0.216866
29157	0
29159	0.190602941
29161	0.252091667
29163	5.571658182
29165	0.025871724
29167	0.009771177
29169	0.0298955
29171	0.30166
29173	0
29175	0
29177	0.1330675
29179	0
29181	0
29183	0.069955513
29185	0
29186	0.28436
29187	0.03017
29189	0.08067502
29195	0
29197	0
29199	0
29201	0
29203	0
29205	0
29207	0.0491935
29209	0.1163475
29211	0.10245875
29213	0.066065714
29215	0.06105
29217	0.015518333
29219	0.111801111
29221	0.669568333
29223	0.273567143
29225	0.039342857
29227	0
29229	0.06494
29510	0.099885926
30001	0
30003	0.097236923
30005	0.200844444
30007	0
30009	0
30011	0
30013	0.1793315
30015	0
30017	0.015323077
30019	0
30021	0.084388
30023	0
30025	0.587084286
30027	0.911319091
30029	0.048339318
30031	0.500707778
30033	0
30035	0.287976667
30037	0
30039	0
30041	0.5563975
30043	0.197005385
30045	0
30047	0.181861905
30049	0
30051	0
30053	0.039494167
30055	0
30057	0
30059	1.507936667
30061	0
30063	0.292442308
30065	0
30067	0
30069	0
30071	0
30073	0.083056429
30075	0
30077	0
30079	0
30081	0.036726364
30083	0
30085	0.495216364
30087	7.400257143
30089	0
30091	0
30093	0.034495
30095	0.572700556
30097	0
30099	0.05071
30101	0.042735
30103	0
30105	0
30107	0
30109	0
30111	0.006595085
31001	2.089595625
31003	0.45846
31005	0
31007	0
31009	0
31011	0
31013	0
31015	0
31017	0
31019	0.026709231
31021	0
31023	0.134481429
31025	0
31027	0
31029	0.41942
31031	0
31033	0
31035	0
31037	0
31039	0.0889675
31041	0
31043	0
31045	0
31047	0
31049	0
31051	1.008404
31053	0
31055	0.264616786
31057	0
31059	0.304878333
31061	0
31063	0.7339225
31065	0
31067	0.068305833
31069	0
31071	0
31073	0
31075	0
31077	0
31079	0.017620741
31081	0
31083	0
31085	0
31087	0
31089	0.101625833
31091	0
31093	0
31095	0
31097	0.151975714
31099	0
31101	0.075585714
31103	0
31105	0
31107	0.130042143
31109	0.053814865
31111	0.091964783
31113	0
31115	0
31117	0
31119	0.293988947
31121	0.05005
31123	0
31125	0
31127	0
31129	0
31131	0
31133	0
31135	0
31137	0
31139	0
31141	0.031749286
31143	0.553611
31145	1.749561429
31147	0
31149	0
31151	0.75576
31153	0.017677414
31155	0.122966667
31157	5.586934783
31159	0.104372857
31161	0
31163	0
31165	0
31167	0
31169	0.143877778
31171	0
31173	0
31175	0
31177	0.011803333
31179	0.852535714
31181	0.16
31183	0
31185	0.13157875
32001	0
32003	0.032463591
32005	0.055522143
32007	0.032583871
32009	0
32011	0
32013	0
32015	0.657894
32017	0
32019	0.011988947
32021	0.322916
32023	0.086639583
32027	0
32029	0
32031	0.038995769
32033	0
32510	0.037206154
33001	0.108376818
33003	0.066873478
33005	0.004483438
33007	0
33009	0.082334694
33011	0.037591351
33013	0.163056482
33015	0.070084091
33017	0.201170541
33019	0
34001	0.321902533
34003	0.143209018
34005	0.172588923
34007	0.281695161
34009	0.030531875
34011	0.130555385
34013	0.074931437
34015	0.188311294
34017	0.160087724
34019	0.142800625
34021	0.171097684
34023	0.141626786
34025	0.221082737
34027	0.134296144
34029	0.063676476
34031	0.420157533
34033	0.135470625
34035	0.635754935
34037	0.138551778
34039	0.210711091
34041	0.287476818
35001	0.069300052
35003	0
35005	0.006451613
35006	0.042881818
35007	0
35009	0.28931037
35011	0
35013	0.004868615
35015	0.395348
35017	0
35019	0.856638571
35021	0
35023	0.2049175
35025	0
35027	0.196460667
35028	0
35029	0.127957
35031	0.623355581
35033	0
35035	0
35037	0
35039	0.2410388
35041	0.124069231
35043	0
35045	0.093808542
35047	0.015311429
35049	0.12341111
35051	0.31644
35053	0.509090909
35055	0
35057	0.131906923
35059	0
35061	0.050875
36001	0.1393524
36003	0.284696111
36005	0.029686564
36007	0.0871396
36009	0.051085667
36011	0.310807727
36013	0.1037244
36015	0.032175
36017	0.127649546
36019	0.058138462
36021	0.376713529
36023	0.163900556
36025	0.012840455
36027	0.169707105
36029	0.522879576
36031	0.10377875
36033	0.398465714
36035	0.266494286
36037	0.190007
36039	0.044853529
36041	0
36043	0.179988
36045	0.34440359
36047	0.023638351
36049	0.163971429
36051	0.110843182
36053	0.126161923
36055	0.052508101
36057	0.094814706
36059	0.067740675
36061	0.035538693
36063	0.276497547
36065	0.169327534
36067	0.115640086
36069	0.270308667
36071	0.161085432
36073	0.2891375
36075	0.122410244
36077	0.182208571
36079	0.2270075
36081	0.016447683
36083	0.219852927
36085	0.024515811
36087	0.062318154
36089	0.16547973
36091	0.055915098
36093	0.126965
36095	0.243475833
36097	0.293795714
36099	0.207514546
36101	0.108183611
36103	0.06785035
36105	0.545370526
36107	0.161479
36109	0.123761613
36111	0.232303636
36113	0.098386
36115	0.129167727
36117	0.211876053
36119	0.059816405
36121	0.281297857
36123	0.056306667
37001	0
37003	0
37005	0
37007	0
37009	0
37011	0
37013	0
37015	0
37017	0
37019	0
37021	0
37023	0
37025	0.003857826
37027	0
37029	0
37031	0
37033	0
37035	0.007126591
37037	0.030752
37039	0
37041	0
37043	0
37045	0
37047	0
37049	0
37051	0
37053	0
37055	0
37057	0.011622222
37059	0
37061	0
37063	0.153322308
37065	0
37067	0.003927024
37069	0
37071	0.002620345
37073	0
37075	0
37077	0
37079	0
37081	0
37083	0
37085	0.013468148
37087	0
37089	0.00458375
37091	0
37093	0
37095	0
37097	0.007909575
37099	0
37101	0
37103	0
37105	0
37107	0
37109	0.032949167
37111	0.018195
37113	0
37115	0
37117	0
37119	0
37121	0
37123	0
37125	0
37127	0
37129	0.019798913
37131	0
37133	0
37135	0.005965882
37137	0
37139	0
37141	0
37143	0
37145	0.017655
37147	0
37149	0
37151	0
37153	0
37155	0
37157	0.014782692
37159	0
37161	0
37163	0
37165	0
37167	0
37169	0
37171	0
37173	0
37175	0
37177	0
37179	0
37181	0
37183	0.00691086
37185	0
37187	0
37189	0
37191	0
37193	0
37195	0
37197	0
37199	0
38001	0
38003	0
38005	1.876141
38007	0
38009	0.280111429
38011	0
38013	0
38015	0.073846774
38017	0.006509149
38019	0
38021	0
38023	0
38025	5.388278
38027	0
38029	0
38031	0
38033	0
38035	0.462665714
38037	0.324675
38039	0
38041	0
38043	0
38045	0
38047	0
38049	0
38051	0
38053	1.12476875
38055	0.233065455
38057	0.152804
38059	0
38061	0
38063	0
38065	0
38067	0
38069	0
38071	0
38073	0
38075	0
38077	0.18303
38079	2.77366375
38081	0
38083	0
38085	0
38087	0
38089	0.072992667
38091	0
38093	0
38095	0
38097	0.241321111
38099	0.045166667
38101	0.056241333
38103	0
38105	0.055078235
39001	0.01919
39003	0.097310571
39005	0.017146667
39007	0.039271613
39009	0.023815263
39011	0.009248824
39013	0.026091304
39015	0
39017	0.016649634
39019	0
39021	0
39023	0.09638234
39025	0.021783404
39027	0.019036471
39029	0.041698974
39031	0.036286154
39033	0.015219412
39035	0.020369971
39037	0.049572
39039	0.159617143
39041	0.001124444
39043	0.08786125
39045	0
39047	0.0775
39049	0.110685318
39051	0
39053	0.032030714
39055	0
39057	0.006033235
39059	0.026957333
39061	0.028803822
39063	0.036314706
39065	0.118406875
39067	0
39069	0.025329286
39071	0
39073	0.0835775
39075	0
39077	0.026299565
39079	0
39081	0
39083	0.1187295
39085	0.058217636
39087	0
39089	0.011520546
39091	0.009849231
39093	0.031438495
39095	0.037994031
39097	0
39099	0.007709688
39101	0.007732222
39103	0.074104186
39105	0
39107	0
39109	0.009161
39111	0
39113	0.042745486
39115	0.06536
39117	0
39119	0.026118276
39121	0
39123	0
39125	0
39127	0
39129	0.02442
39131	0.050204615
39133	0
39135	0.15231625
39137	0
39139	0.119942444
39141	0.008882692
39143	0.166985455
39145	0.100970606
39147	0.014854546
39149	0.004834286
39151	0.049870566
39153	0.115851701
39155	0.052126377
39157	0
39159	0.03623
39161	0
39163	0.06483
39165	0.018737556
39167	0.190526522
39169	0.014214524
39171	0.055575625
39173	0.01159946
39175	0
40001	0
40003	0
40005	0.303872727
40007	0
40009	0.199890625
40011	0
40013	0.195758261
40015	0.007497407
40017	0.011821818
40019	0.082381429
40021	0.00985
40023	0
40025	0.303951429
40027	0.094740145
40029	0
40031	0.021656471
40033	0.057972
40035	0.093616154
40037	0.114871892
40039	0.085291333
40041	0
40043	0
40045	0.08333375
40047	0.444855625
40049	0.032467727
40051	0.039272188
40053	0.14045
40055	0
40057	0.110743333
40059	0
40061	0
40063	0.189393636
40065	0
40067	0
40069	0
40071	0.548329167
40073	0.284090625
40075	0
40077	0.161725714
40079	0.005580882
40081	0.132755
40083	0.090623077
40085	0
40087	0
40089	0.019817586
40091	0
40093	0
40095	0
40097	0.491173044
40099	0
40101	0.020358611
40103	0
40105	0.2094975
40107	0.255079286
40109	0
40111	0.036704783
40113	0.130951333
40115	0.133074
40117	0
40119	0.055611111
40121	0.080119032
40123	0.047995652
40125	0.041145278
40127	0.286680769
40129	0
40131	0.113573824
40133	0.046253478
40135	0.0156212
40137	0.126302917
40139	0.18434381
40141	0
40143	0.044341166
40145	0.448496
40147	0.045617222
40149	0
40151	0
40153	0.137635
41001	0
41003	0.118395385
41005	0.113584737
41007	0.091777143
41009	0
41011	0.0166508
41013	0.054555556
41015	0.998464286
41017	0.026136744
41019	0
41021	0
41023	0
41025	0.066008
41027	0
41029	0.056514754
41031	0.179211667
41033	0
41035	0.024019667
41037	0
41039	0.058969273
41041	0
41043	0.903563192
41045	0
41047	0.050385963
41049	0
41051	0.125640067
41053	0.194612727
41055	0
41057	0.245098333
41059	0.508635556
41061	0
41063	0
41065	0.448528
41067	0.030125814
41069	0
41071	0.050100857
42001	0.173837407
42003	0.047829394
42005	0.024996667
42007	0.035588889
42009	0
42011	0.078947113
42013	0.007772903
42015	0.016249412
42017	0.088032901
42019	0.032223095
42021	0.068490526
42023	0
42025	0.039394091
42027	0.102204849
42029	0.045086296
42031	0.089576923
42033	0.003985217
42035	0.103479091
42037	0.131906
42039	0.115486
42041	0.100879643
42043	0.139381765
42045	0.049156095
42047	0.014577
42049	0.040446232
42051	0.332081778
42053	0
42055	0.001938781
42057	0.149275714
42059	0.076190714
42061	0.040077059
42063	0.00866087
42065	0.087735625
42067	0
42069	0.123698333
42071	0.018597368
42073	0.080845833
42075	0.002716
42077	0.034364304
42079	0.121112031
42081	0.022616333
42083	0
42085	0.027613158
42087	0
42089	0.270334063
42091	0.036091961
42093	0
42095	0.035711186
42097	0.038384783
42099	0
42101	0.001878681
42103	0.013178571
42105	0
42107	0.22105079
42109	0
42111	0.018552857
42113	0
42115	0.049082
42117	0.085560667
42119	0
42121	0.0532
42123	0.699300909
42125	0.10494963
42127	0.017618182
42129	0.019494253
42131	0.32823625
42133	0.109171226
44001	0
44003	0
44005	0
44007	0.136007126
44009	0.019816111
45001	0.491098889
45003	0.043835263
45005	0.5681825
45007	0.0276618
45009	0
45011	0.044643
45013	0.003301613
45015	0.041150244
45017	0
45019	0.053153086
45021	0.008329444
45023	0
45025	0.085504375
45027	0.074827692
45029	0.0166775
45031	0
45033	0.033003333
45035	0.141392414
45037	0
45039	0.065381429
45041	0.133868378
45043	0.173892105
45045	0.005723261
45047	0.044266842
45049	0.513004
45051	0.084517778
45053	0.722325714
45055	0.267375
45057	0.028928947
45059	0
45061	0.14627
45063	0.197620588
45065	0
45067	0.037643636
45069	0.1884425
45071	0.03534
45073	0.028093889
45075	0.011232069
45077	0.047764074
45079	0.026146354
45081	0.035688333
45083	0.07963075
45085	0.057601429
45087	0
45089	0
45091	0.252579286
46003	0
46005	0.084296667
46007	0
46009	0.309757692
46011	0.117930667
46013	0.027515714
46015	0
46017	0
46019	0.142045
46021	0
46023	0
46025	0
46027	0.064102
46029	0
46031	0.04417
46033	1.110862222
46035	0.044257273
46037	0
46039	0
46041	1.015703333
46043	0
46045	0
46047	0
46049	0
46051	0
46053	0
46055	0
46057	0.211268
46059	0.1818175
46061	0
46063	0
46065	0.054274286
46067	0
46069	0
46071	0
46073	0
46075	0
46077	0
46079	0
46081	0
46083	0.138241053
46085	0
46087	0.130378462
46089	0
46091	0
46093	0
46095	0
46097	0
46099	0.004551692
46101	0.1998
46102	0
46103	0.010611316
46105	0
46107	0
46109	0.089968462
46111	0
46113	0
46115	0
46117	0
46119	0
46121	0
46123	0.332225714
46125	0.325203333
46127	0.02331
46129	0
46135	0
46137	1.51715
47001	0.055128846
47003	0.181338571
47005	0.400593333
47007	0
47009	0.117063333
47011	0.0109192
47013	0
47015	0
47017	0.104400769
47019	0.0292465
47021	0.108661667
47023	0
47025	0
47027	0.125786667
47029	0.142367692
47031	0.237884444
47033	0.339456667
47035	0.046755833
47037	0
47039	0.7755875
47041	0
47043	0
47045	0.380662308
47047	0.090628889
47049	0.029948571
47051	0
47053	0.1330035
47055	0
47057	0
47059	0.030565455
47061	0.110044286
47063	0.099638889
47065	0.208093026
47067	0.289575
47069	0
47071	0.019841429
47073	0.0610915
47075	0
47077	1.782972727
47079	0.032394444
47081	0.14833
47083	0
47085	0
47087	0.05071
47089	0.029044546
47091	0
47093	0
47095	0.27211
47097	0
47099	0
47101	0.058005
47103	0
47105	0.034036667
47107	0.012554667
47109	0.08502
47111	0.33101
47113	0
47115	0.074492
47117	0
47119	0.052610952
47121	0
47123	0.120457059
47125	0.010592632
47127	0
47129	0.204081429
47131	0
47133	0
47135	0
47137	0
47139	0.059523333
47141	0.066495
47143	0
47145	0.198031177
47147	0.98779
47149	0.063123448
47151	0
47153	0
47155	0.147500714
47157	0.002647826
47159	0
47161	0
47163	0.006557317
47165	0.050758696
47167	0.019072143
47169	0
47171	0.02373
47173	0.013452222
47175	0
47177	0.052736364
47179	0.383332692
47181	0.091235714
47183	0
47185	0
47187	0.023958367
47189	0.155659167
48001	0.050952917
48003	0
48005	0
48007	0
48009	0
48011	0
48013	0
48015	0.049627692
48017	0
48019	0
48021	0.03034
48023	0
48025	0
48027	0.00906899
48029	0.010722462
48031	0
48033	0
48035	0
48037	0.012528222
48039	0.056602333
48041	0
48043	0
48045	0
48047	0
48049	0.028232727
48051	0
48053	0
48055	0
48057	0
48059	0
48061	0
48063	0
48065	0
48067	0
48069	0
48071	0.021710714
48073	0
48075	0
48077	0
48079	0
48081	0
48083	0
48085	0.044597813
48087	0
48089	0
48091	0.005630541
48093	0
48095	0
48097	0
48099	0.00630375
48101	0
48103	0
48105	0
48107	0
48109	0
48111	0
48113	0.047364569
48115	0
48117	0.080931111
48119	0
48121	0.018057602
48123	0
48125	0
48127	0
48129	0
48131	0
48133	0
48135	0.00508579
48137	0
48139	0.026009821
48141	0.062225102
48143	0.00629375
48145	0
48147	0
48149	0.0396825
48151	0
48153	0
48155	0
48157	0.001687181
48159	0
48161	0
48163	0
48165	0
48167	0.012127927
48169	0
48171	0
48173	0
48175	0
48177	0
48179	0.263817778
48181	0.15335098
48183	0
48185	0
48187	0.040058108
48189	0
48191	0
48193	0
48195	0
48197	0
48199	0.0059525
48201	0.03400734
48203	0
48205	0
48207	0
48209	0
48211	0
48213	0
48215	0.008326122
48217	0.175137083
48219	0
48221	0.053685294
48223	0
48225	0
48227	0
48229	0
48231	0.028281395
48233	0
48235	0
48237	0
48239	0
48241	0
48243	0
48245	0.005396338
48247	0
48249	0
48251	0
48253	0
48255	0
48257	0.062531087
48259	0
48261	0
48263	0
48265	0.026539412
48267	0
48269	0
48271	0
48273	0
48275	0
48277	0
48279	0
48281	0.0122425
48283	0
48285	0
48287	0
48289	0
48291	0.003985294
48293	0.183566923
48295	0
48297	0
48299	0
48301	0
48303	0
48305	0
48307	0
48309	0.009398
48311	0
48313	0
48315	0
48317	0.238095
48319	0
48321	0.073099444
48323	0
48325	0
48327	0
48329	0.00307875
48331	0
48333	0
48335	0.1865675
48337	0
48339	0.008802546
48341	0
48343	0
48345	0
48347	0
48349	0
48351	0
48353	0
48355	0.053608667
48357	0
48359	0
48361	0.0088692
48363	0
48365	0
48367	0.025413659
48369	0
48371	0
48373	0.012555882
48375	0.010553044
48377	0
48379	0
48381	0
48383	0
48385	0.121653333
48387	0
48389	0.290698333
48391	0
48393	0
48395	0
48397	0
48399	0
48401	0
48403	0
48405	0
48407	0
48409	0.030479063
48411	0
48413	0
48415	0
48417	0
48419	0
48421	0
48423	0.00693579
48425	0
48427	0.0020204
48429	0
48431	0
48433	0
48435	0
48437	0
48439	0.004152832
48441	0
48443	0
48445	0
48447	0
48449	0
48451	0
48453	0.03698224
48455	0
48457	0
48459	0.289191667
48461	0
48463	0
48465	0
48467	0.031347931
48469	0.010944063
48471	0
48473	0.017076667
48475	0
48477	0
48479	0.011483846
48481	0.040403889
48483	0
48485	0.005012093
48487	0
48489	0
48491	0.00842952
48493	0
48495	0
48497	0
48499	0.033023529
48501	0
48503	0
48505	0
48507	0
49001	0.40055
49003	0.03397375
49005	0.003225385
49007	0.106951818
49009	0
49011	0.141997835
49013	0
49015	0.097613
49017	0.6945025
49019	0.2477925
49021	0.148462353
49023	0.149373333
49025	0
49027	0
49029	0
49031	0
49033	0
49035	0.114003686
49037	0.063002727
49039	0.068870625
49041	0.220563333
49043	0.174675714
49045	0
49047	0.095479286
49049	0.040472711
49051	0
49053	0
49055	0.15625
49057	0.484633291
50001	0.051827143
50003	0.099718667
50005	0.245402308
50007	0.243797959
50009	0.086956
50011	0.2126425
50013	0.517242
50015	0.224170667
50017	0.063655
50019	0.288777368
50021	0.105459063
50023	0.180748846
50025	0.143172857
50027	0.237660938
51001	0.119637692
51003	0
51005	0.019653333
51007	0
51009	0
51011	0
51013	0
51015	0
51017	0.127226667
51019	0
51021	0
51023	0
51025	0.046838
51027	0
51029	0
51031	0
51033	0.020492
51035	0.009276
51036	0
51037	0
51041	0.009501936
51043	0.078125
51045	0
51047	0.012937
51049	0
51051	0.073718333
51053	0
51057	0
51059	0
51061	0
51063	0
51065	0
51067	0
51069	0.016835
51071	0
51073	0
51075	0
51077	0
51079	0
51081	0.481346667
51083	0
51085	0
51087	0.002770563
51089	0
51091	0
51093	0
51095	0.01243
51097	0
51099	0
51101	0
51103	0
51105	0
51107	0
51109	0.044743333
51111	0
51113	0
51115	0.189393333
51117	0
51119	0
51121	0.076
51125	0.158155
51127	0.11062
51131	0.063371667
51133	0
51135	0
51137	0
51139	0
51141	0
51143	0.1136365
51145	0
51147	0
51149	0
51153	0
51155	0.03125
51157	0
51159	0.04223
51161	0.046072
51163	0
51165	0.019178182
51167	0.222733571
51169	0
51171	0.014245556
51173	0.094358571
51175	0
51177	0
51179	0.025664688
51181	0
51183	0
51185	0.060161333
51187	0.02347375
51191	0
51193	0.48422
51195	0
51197	0
51199	0
51510	0
51515	0
51520	0.150891111
51530	0
51540	0.013687692
51550	0.002085417
51570	0
51580	0
51590	0
51595	0.74405
51600	0
51610	0
51620	0.2809
51630	0
51640	0
51650	0
51660	0
51670	0.032211429
51678	0
51680	0
51683	0
51685	0
51690	0
51700	0
51710	0.008603265
51720	0
51730	0
51735	0
51740	0
51750	0
51760	0
51770	0.042422
51775	0
51790	0
51800	0.419173
51810	0
51820	0
51830	0
51840	0.1148325
53001	0.018206923
53003	0
53005	0.062559123
53007	0.004576111
53009	0.0904268
53011	0.099816312
53013	0
53015	0.070926154
53017	0.630677895
53019	0.208333
53021	0
53023	0
53025	0.40059449
53027	0.008407632
53029	0
53031	0.205027143
53033	0.029186152
53035	0.020763857
53037	0.099206667
53039	0.053926842
53041	0.033311053
53043	0
53045	0.009467143
53047	0.12999129
53049	0.043554286
53051	0
53053	0.356248932
53055	0.023969286
53057	0.098905263
53059	0.034483
53061	0.112573545
53063	0.128592252
53065	0.09075
53067	0.075766883
53069	0
53071	0.035776
53073	0.022372203
53075	0
53077	0.085505
54001	0.309633333
54003	0.278943438
54005	0.70019125
54007	0
54009	0.045351
54011	0.227067857
54013	0
54015	0
54017	0
54019	0.366037647
54021	0.430108
54023	0.24688
54025	0.377068571
54027	0.341047692
54029	0
54031	0.053078333
54033	0.067837083
54035	0
54037	0.242798824
54039	0
54041	0.021205
54043	0.082538889
54045	0.013648235
54047	0.050194
54049	0
54051	0.037163846
54053	0.398359091
54055	0.4913288
54057	0.12901
54059	0.030413333
54061	0.30925
54063	0.24258
54065	2.06041375
54067	0
54069	0
54071	0.0563075
54073	0
54075	0.176992
54077	0.14067
54079	0.043964546
54081	0.060382069
54083	0.070097778
54085	0.563365
54087	0
54089	0.148884
54091	0
54093	0
54095	0
54097	0
54099	0.078071
54101	0
54103	0
54105	0
54107	0.059469655
54109	0.368176429
55001	0.100164
55003	0
55005	0
55007	0
55009	0.075698933
55011	0.127714
55013	0.074008182
55015	0.106248636
55017	0.016073478
55019	0.293956842
55021	0.024988824
55023	0
55025	0.047849241
55027	0.053670286
55029	0
55031	0.031094167
55033	0.113429375
55035	0.020627188
55037	0
55039	0
55041	0.202475714
55043	0.252928148
55045	0.052608182
55047	0.02681
55049	0.261371875
55051	0
55053	0.150754
55055	0.141337931
55057	0.021308421
55059	0.0985908
55061	0.06108
55063	0.955305676
55065	0.117474
55067	0.24457
55069	0.023609167
55071	0.027890625
55073	0.147355833
55075	0.308248261
55077	0.183595556
55078	0
55079	0.029364155
55081	0.070273044
55083	0.122362917
55085	0
55087	0.105645821
55089	0.0386164
55091	0
55093	0
55095	0.0432432
55097	0
55099	0
55101	0.035599423
55103	0.054466667
55105	0
55107	0.2964425
55109	0.042948462
55111	0.032895333
55113	0
55115	0.032488889
55117	0.06760383
55119	0.113
55121	0.137920455
55123	0
55125	0.094785455
55127	0.034982821
55129	0.169734286
55131	0.213430286
55133	0.026852381
55135	0.006607826
55137	0.171333636
55139	0.046711731
55141	0.040314828
56001	0
56003	0.084523125
56005	0
56007	0.387847692
56009	0
56011	0
56013	0.066406667
56015	0
56017	0
56019	0.25
56021	0.093296098
56023	0
56025	0.051081429
56027	0
56029	0.02064
56031	0
56033	0.505050455
56035	0.062657143
56037	0
56039	1.298700909
56041	0.031152667
56043	0
56045	0
72001	0
72003	0
72005	0
72007	0
72009	0
72011	0
72013	0
72015	0
72017	0
72019	0
72021	0
72023	0
72025	0.01211
72027	0
72029	0
72031	0
72033	0
72035	0
72037	0
72039	0
72041	0
72043	0
72045	0
72047	0
72049	0
72051	0
72053	0
72054	0
72055	0
72057	0
72059	0
72061	0
72063	0
72065	0.64512341
72067	0
72069	0
72071	0
72073	0
72075	0
72077	0
72079	0
72081	0
72083	0
72085	0
72087	0
72089	0
72091	0
72093	0
72095	0
72097	0
72099	0
72101	0
72103	0
72105	0.1234122
72107	0
72109	0
72111	0
72113	0
72115	0
72117	0
72119	0
72121	0
72123	0
72125	0.166
72127	0
72129	0
72131	0
72133	0
72135	0
72137	0
72139	0
72141	0.1221345
72143	0
72145	0
72147	0
72149	0
72151	0
72153	0
